{
  "0,0": 1,
  "0,1": 10,
  "0,2": 168,
  "0,3": 155,
  "0,4": 251,
  "0,5": 55,
  "0,6": 85,
  "1,0": 77,
  "1,1": 58,
  "1,2": 106,
  "1,3": 155,
  "1,4": 63,
  "1,5": 251,
  "1,6": 251,
  "2,0": 77,
  "2,1": 251,
  "2,2": 29,
  "2,3": 242,
  "2,4": 55,
  "2,5": 54,
  "2,6": 122,
  "3,0": 85,
  "3,1": 251,
  "3,2": 29,
  "3,3": 251,
  "3,4": 55,
  "3,5": 78,
  "3,6": 168,
  "4,0": 85,
  "4,1": 10,
  "4,2": 81,
  "4,3": 80,
  "4,4": 55,
  "4,5": 54,
  "4,6": 242,
  "5,0": 251,
  "5,1": 10,
  "5,2": 57,
  "5,3": 77,
  "5,4": 145,
  "5,5": 58,
  "5,6": 80,
  "6,0": 55,
  "6,1": 69,
  "6,2": 13,
  "6,3": 55,
  "6,4": 85,
  "6,5": 58,
  "6,6": 251,
  "7,0": 85,
  "7,1": 10,
  "7,2": 95,
  "7,3": 95,
  "7,4": 239,
  "7,5": 54,
  "7,6": 251,
  "-1,-1": [
    0.3308457711442786,
    0.48066298342541436,
    0.6380597014925373,
    0.7812154696132597
  ]
}